{
  "1": {
    "component": "button",
    "Htmlcode": "<div style=\"--top-bar-background:#00848e; --top-bar-background-lighter:#1d9ba4; --top-bar-color:#f9fafb; --p-frame-offset:0px;\"><button type=\"button\" class=\"Polaris-Button\"><span class=\"Polaris-Button__Content\"><span class=\"Polaris-Button__Text\">Add product</span></span></button></div>",
    "CssCOde": ".Polaris-Button {\r\n    position: relative;\r\n    display: inline-flex;\r\n    align-items: center;\r\n    justify-content: center;\r\n    min-height: 3.6rem;\r\n    min-width: 3.6rem;\r\n    margin: 0;\r\n    padding: .7rem 1.6rem;\r\n    background: linear-gradient(180deg,#fff,#f9fafb);\r\n    border: .1rem solid var(--p-border,#c4cdd5);\r\n    box-shadow: 0 1px 0 0 rgba(22,29,37,.05);\r\n    border-radius: 3px;\r\n    line-height: 1;\r\n    color: #212b36;\r\n    text-align: center;\r\n    cursor: pointer;\r\n    -webkit-user-select: none;\r\n    -ms-user-select: none;\r\n    user-select: none;\r\n    text-decoration: none;\r\n    transition-property: background,border,box-shadow;\r\n    transition-duration: var(--p-override-none,.2s);\r\n    transition-timing-function: var(--p-override-none,cubic-bezier(.64,0,.35,1));\r\n    -webkit-tap-highlight-color: transparent;\r\n}\r\n\r\nbody, button, html {\r\n    font-family: -apple-system,BlinkMacSystemFont,San Francisco,Segoe UI,Roboto,Helvetica Neue,sans-serif;\r\n}\r\n*, :after, :before {\r\n    box-sizing: border-box;\r\n}\r\nuser agent stylesheet\r\nbutton {\r\n    -webkit-appearance: button;\r\n    -webkit-writing-mode: horizontal-tb !important;\r\n    text-rendering: auto;\r\n    color: buttontext;\r\n    letter-spacing: normal;\r\n    word-spacing: normal;\r\n    text-transform: none;\r\n    text-indent: 0px;\r\n    text-shadow: none;\r\n    display: inline-block;\r\n    text-align: center;\r\n    align-items: flex-start;\r\n    cursor: default;\r\n    background-color: buttonface;\r\n    box-sizing: border-box;\r\n    margin: 0em;\r\n    font: 400 13.3333px Arial;\r\n    padding: 1px 6px;\r\n    border-width: 2px;\r\n    border-style: outset;\r\n    border-color: buttonface;\r\n    border-image: initial;\r\n}",
    "ReactCode": "<Button>Add product</Button>"
  },
  "2": {
    "component": "link",
    "HtmlCode": "<div style=\"--top-bar-background:#00848e; --top-bar-background-lighter:#1d9ba4; --top-bar-color:#f9fafb; --p-frame-offset:0px;\"><a class=\"Polaris-Link\" href=\"https://help.shopify.com/manual\" data-polaris-unstyled=\"true\">fulfilling orders</a></div>",
    "CssCode": ".Polaris-Link {\r\n    -webkit-appearance: none;\r\n    -moz-appearance: none;\r\n    appearance: none;\r\n    display: inline;\r\n    text-align: inherit;\r\n    padding: 0;\r\n    background: none;\r\n    border: 0;\r\n    font-size: inherit;\r\n    color: var(--p-interactive,#006fbb);\r\n    text-decoration: none;\r\n    cursor: pointer;\r\n    position: relative;\r\n}\r\n*, :after, :before {\r\n    box-sizing: border-box;\r\n}\r\n\r\na:-webkit-any-link {\r\n    color: -webkit-link;\r\n    cursor: pointer;\r\n    text-decoration: underline;\r\n}\r\n",
    "ReactCode": "<Link url=\"https://help.shopify.com/manual\">fulfilling orders</Link>"
  }
}